{"cameraMode":{"drawMode":0,"name":"Shaded","section":"Shading Mode"},"sceneLighting":true,"audioPlay":false,"sceneViewState":{"showFog":true,"showMaterialUpdate":false,"showSkybox":true,"showFlares":true,"showImageEffects":true,"showParticleSystems":true,"showVisualEffectGraphs":true,"m_FxEnabled":true},"in2DMode":false,"pivot":{"x":548.2506713867188,"y":405.0540771484375,"z":370.3959045410156},"rotation":{"x":-0.03497519716620445,"y":0.06811020523309708,"z":0.0015448748599737883,"w":0.9972703456878662},"size":260.3839416503906,"orthographic":false}