{"cameraMode":{"drawMode":0,"name":"Shaded","section":"Shading Mode"},"sceneLighting":true,"audioPlay":false,"sceneViewState":{"showFog":true,"showMaterialUpdate":false,"showSkybox":true,"showFlares":true,"showImageEffects":true,"showParticleSystems":true,"showVisualEffectGraphs":true,"m_FxEnabled":true},"in2DMode":false,"pivot":{"x":271.51422119140627,"y":364.94842529296877,"z":-277.74200439453127},"rotation":{"x":0.1320764422416687,"y":0.23695315420627595,"z":-0.03281715512275696,"w":0.9620524048805237},"size":129.96815490722657,"orthographic":false}