{"cameraMode":{"drawMode":0,"name":"Shaded","section":"Shading Mode"},"sceneLighting":true,"audioPlay":false,"sceneViewState":{"showFog":true,"showMaterialUpdate":false,"showSkybox":true,"showFlares":true,"showImageEffects":true,"showParticleSystems":true,"showVisualEffectGraphs":true,"m_FxEnabled":true},"in2DMode":false,"pivot":{"x":727.4713745117188,"y":472.97943115234377,"z":-223.1077117919922},"rotation":{"x":0.1455174833536148,"y":-0.02741410583257675,"z":0.0024388357996940614,"w":0.9892915487289429},"size":23.308025360107423,"orthographic":false}